Workbook

Sheet Estoque
A1: Controle de estoque com curva ABC
A2: Preencha as células amarelas. Curva ABC, ponto de reposição e alertas de compra se calculam sozinhos.
A3: Dias de cobertura de segurança: | D3: 7
A5: Item | B5: Unidade | C5: Estoque atual | D5: Consumo mensal | E5: Custo unitário (R$) | F5: Prazo de entrega (dias) | G5: Estoque mínimo | H5: Ponto de reposição | I5: Situação | J5: Qtd. sugerida de compra | K5: Valor consumido/ano (R$) | L5: % acumulado | M5: Classe ABC
G6: =IF(A6="","",ROUNDUP(D6/30*$D$3,0)) | H6: =IF(A6="","",G6+ROUNDUP(D6/30*F6,0)) | I6: =IF(A6="","",IF(C6<=G6,"COMPRAR JÁ",IF(C6<=H6,"Repor","OK"))) | J6: =IF(OR(A6="",I6="OK"),"",MAX(0,H6+D6-C6)) | K6: =IF(A6="","",D6*12*E6) | L6: =IF(OR(A6="",$K$67=0),"",SUMIF($K$6:$K$65,">="&K6)/$K$67) | M6: =IF(L6="","",IF(L6<=0.8,"A",IF(L6<=0.95,"B","C")))
G7: =IF(A7="","",ROUNDUP(D7/30*$D$3,0)) | H7: =IF(A7="","",G7+ROUNDUP(D7/30*F7,0)) | I7: =IF(A7="","",IF(C7<=G7,"COMPRAR JÁ",IF(C7<=H7,"Repor","OK"))) | J7: =IF(OR(A7="",I7="OK"),"",MAX(0,H7+D7-C7)) | K7: =IF(A7="","",D7*12*E7) | L7: =IF(OR(A7="",$K$67=0),"",SUMIF($K$6:$K$65,">="&K7)/$K$67) | M7: =IF(L7="","",IF(L7<=0.8,"A",IF(L7<=0.95,"B","C")))
G8: =IF(A8="","",ROUNDUP(D8/30*$D$3,0)) | H8: =IF(A8="","",G8+ROUNDUP(D8/30*F8,0)) | I8: =IF(A8="","",IF(C8<=G8,"COMPRAR JÁ",IF(C8<=H8,"Repor","OK"))) | J8: =IF(OR(A8="",I8="OK"),"",MAX(0,H8+D8-C8)) | K8: =IF(A8="","",D8*12*E8) | L8: =IF(OR(A8="",$K$67=0),"",SUMIF($K$6:$K$65,">="&K8)/$K$67) | M8: =IF(L8="","",IF(L8<=0.8,"A",IF(L8<=0.95,"B","C")))
G9: =IF(A9="","",ROUNDUP(D9/30*$D$3,0)) | H9: =IF(A9="","",G9+ROUNDUP(D9/30*F9,0)) | I9: =IF(A9="","",IF(C9<=G9,"COMPRAR JÁ",IF(C9<=H9,"Repor","OK"))) | J9: =IF(OR(A9="",I9="OK"),"",MAX(0,H9+D9-C9)) | K9: =IF(A9="","",D9*12*E9) | L9: =IF(OR(A9="",$K$67=0),"",SUMIF($K$6:$K$65,">="&K9)/$K$67) | M9: =IF(L9="","",IF(L9<=0.8,"A",IF(L9<=0.95,"B","C")))
G10: =IF(A10="","",ROUNDUP(D10/30*$D$3,0)) | H10: =IF(A10="","",G10+ROUNDUP(D10/30*F10,0)) | I10: =IF(A10="","",IF(C10<=G10,"COMPRAR JÁ",IF(C10<=H10,"Repor","OK"))) | J10: =IF(OR(A10="",I10="OK"),"",MAX(0,H10+D10-C10)) | K10: =IF(A10="","",D10*12*E10) | L10: =IF(OR(A10="",$K$67=0),"",SUMIF($K$6:$K$65,">="&K10)/$K$67) | M10: =IF(L10="","",IF(L10<=0.8,"A",IF(L10<=0.95,"B","C")))
G11: =IF(A11="","",ROUNDUP(D11/30*$D$3,0)) | H11: =IF(A11="","",G11+ROUNDUP(D11/30*F11,0)) | I11: =IF(A11="","",IF(C11<=G11,"COMPRAR JÁ",IF(C11<=H11,"Repor","OK"))) | J11: =IF(OR(A11="",I11="OK"),"",MAX(0,H11+D11-C11)) | K11: =IF(A11="","",D11*12*E11) | L11: =IF(OR(A11="",$K$67=0),"",SUMIF($K$6:$K$65,">="&K11)/$K$67) | M11: =IF(L11="","",IF(L11<=0.8,"A",IF(L11<=0.95,"B","C")))
G12: =IF(A12="","",ROUNDUP(D12/30*$D$3,0)) | H12: =IF(A12="","",G12+ROUNDUP(D12/30*F12,0)) | I12: =IF(A12="","",IF(C12<=G12,"COMPRAR JÁ",IF(C12<=H12,"Repor","OK"))) | J12: =IF(OR(A12="",I12="OK"),"",MAX(0,H12+D12-C12)) | K12: =IF(A12="","",D12*12*E12) | L12: =IF(OR(A12="",$K$67=0),"",SUMIF($K$6:$K$65,">="&K12)/$K$67) | M12: =IF(L12="","",IF(L12<=0.8,"A",IF(L12<=0.95,"B","C")))
G13: =IF(A13="","",ROUNDUP(D13/30*$D$3,0)) | H13: =IF(A13="","",G13+ROUNDUP(D13/30*F13,0)) | I13: =IF(A13="","",IF(C13<=G13,"COMPRAR JÁ",IF(C13<=H13,"Repor","OK"))) | J13: =IF(OR(A13="",I13="OK"),"",MAX(0,H13+D13-C13)) | K13: =IF(A13="","",D13*12*E13) | L13: =IF(OR(A13="",$K$67=0),"",SUMIF($K$6:$K$65,">="&K13)/$K$67) | M13: =IF(L13="","",IF(L13<=0.8,"A",IF(L13<=0.95,"B","C")))
G14: =IF(A14="","",ROUNDUP(D14/30*$D$3,0)) | H14: =IF(A14="","",G14+ROUNDUP(D14/30*F14,0)) | I14: =IF(A14="","",IF(C14<=G14,"COMPRAR JÁ",IF(C14<=H14,"Repor","OK"))) | J14: =IF(OR(A14="",I14="OK"),"",MAX(0,H14+D14-C14)) | K14: =IF(A14="","",D14*12*E14) | L14: =IF(OR(A14="",$K$67=0),"",SUMIF($K$6:$K$65,">="&K14)/$K$67) | M14: =IF(L14="","",IF(L14<=0.8,"A",IF(L14<=0.95,"B","C")))
G15: =IF(A15="","",ROUNDUP(D15/30*$D$3,0)) | H15: =IF(A15="","",G15+ROUNDUP(D15/30*F15,0)) | I15: =IF(A15="","",IF(C15<=G15,"COMPRAR JÁ",IF(C15<=H15,"Repor","OK"))) | J15: =IF(OR(A15="",I15="OK"),"",MAX(0,H15+D15-C15)) | K15: =IF(A15="","",D15*12*E15) | L15: =IF(OR(A15="",$K$67=0),"",SUMIF($K$6:$K$65,">="&K15)/$K$67) | M15: =IF(L15="","",IF(L15<=0.8,"A",IF(L15<=0.95,"B","C")))
G16: =IF(A16="","",ROUNDUP(D16/30*$D$3,0)) | H16: =IF(A16="","",G16+ROUNDUP(D16/30*F16,0)) | I16: =IF(A16="","",IF(C16<=G16,"COMPRAR JÁ",IF(C16<=H16,"Repor","OK"))) | J16: =IF(OR(A16="",I16="OK"),"",MAX(0,H16+D16-C16)) | K16: =IF(A16="","",D16*12*E16) | L16: =IF(OR(A16="",$K$67=0),"",SUMIF($K$6:$K$65,">="&K16)/$K$67) | M16: =IF(L16="","",IF(L16<=0.8,"A",IF(L16<=0.95,"B","C")))
G17: =IF(A17="","",ROUNDUP(D17/30*$D$3,0)) | H17: =IF(A17="","",G17+ROUNDUP(D17/30*F17,0)) | I17: =IF(A17="","",IF(C17<=G17,"COMPRAR JÁ",IF(C17<=H17,"Repor","OK"))) | J17: =IF(OR(A17="",I17="OK"),"",MAX(0,H17+D17-C17)) | K17: =IF(A17="","",D17*12*E17) | L17: =IF(OR(A17="",$K$67=0),"",SUMIF($K$6:$K$65,">="&K17)/$K$67) | M17: =IF(L17="","",IF(L17<=0.8,"A",IF(L17<=0.95,"B","C")))
... G65: =IF(A65="","",ROUNDUP(D65/30*$D$3,0)) | H65: =IF(A65="","",G65+ROUNDUP(D65/30*F65,0)) | I65: =IF(A65="","",IF(C65<=G65,"COMPRAR JÁ",IF(C65<=H65,"Repor","OK"))) | J65: =IF(OR(A65="",I65="OK"),"",MAX(0,H65+D65-C65)) | K65: =IF(A65="","",D65*12*E65) | L65: =IF(OR(A65="",$K$67=0),"",SUMIF($K$6:$K$65,">="&K65)/$K$67) | M65: =IF(L65="","",IF(L65<=0.8,"A",IF(L65<=0.95,"B","C")))
J67: Total | K67: =SUM(K6:K65)

Sheet Resumo
A1: Resumo e indicadores
A4: Itens cadastrados | B4: =COUNTA(Estoque!A6:A65)
A5: Itens classe A (80% do valor) | B5: =COUNTIF(Estoque!M6:M65,"A")
A6: Itens classe B | B6: =COUNTIF(Estoque!M6:M65,"B")
A7: Itens classe C | B7: =COUNTIF(Estoque!M6:M65,"C")
A8: Itens para comprar já | B8: =COUNTIF(Estoque!I6:I65,"COMPRAR JÁ")
A9: Itens para repor | B9: =COUNTIF(Estoque!I6:I65,"Repor")
A10: Valor parado em estoque (R$) | B10: =SUMPRODUCT(Estoque!C6:C65,Estoque!E6:E65)
A11: Giro de estoque (vezes ao ano) | B11: =IFERROR(Estoque!K67/B10,"")
A12: Dica: filtre a coluna 'Situação' na aba Estoque para gerar a lista de compras da semana.
A13: Como ler: giro = quanto você consome por ano ÷ o valor que está parado. Quanto maior, menos dinheiro encalhado.
